text,label,difficulty
Jinx is one of the worst characters in Arcane and Runeterra in general.,,
People who make memes and constantly complain about the actress who played Elle in The Last of Us show are pedo .,,
Summer and winter are worse than spring and fall.,,
The C-word should leave the lexicon.,,
Ai porn Is more safe than real porn.,,
Pres. Should Have Immunity,,
Friendships die the moment you are in love.,,
"The Lego Movie has a better plot than the Minecraft Movie, changed my mind.",,
I think human reign will continue longer than dinosaur did,,
"Most team sports have became too ""professional""",,
Muscular men are not attractive,,
The Fandom Fallacy: How calling out bad behavior can go wrong,,
It is so obvious to me that women prefer big dicks over average ones,,
The Fandom Fallacy: You're making it worse,,
corporate life is a cult,,
Generalizations aren’t evil. They’re literally how we make sense of the world. Anyone who says otherwise is just scared to think straight,,
i dont think marriage and having kids are beneficial to women at all,,
The Lilo and Stitch (Nani) Casting is for good representation,,
dont want kids. not really interested in marriage either. but also not ready to be alone for the rest of my life,,
The Lilo and Stitch (Nani) Casting isn't that bad.,,
"Single-use plastic bags actually have many uses and banning them will just increase sales of other things which often cause the same problems, while making life more inconvenient.",,
Netflix made a mistake deleting the Surpise Me feature.,,
Nothing better than sending voices notes and nothing worse then receiving them.,,
"Married Women Aren't Happy, Happy Women Are Married",,
Those people queuing up to summit Mt Everest are a**holes.,,
Cyclists can be put I. The same category as vegans,,
Learning languages for fun is a waste of time,,
Labubus are ugly,,
Studio Ghibli  is one of the worst animation Studios in modern times and Hayao miyazaki is a talentless hack,,
Studio Ghibli is incredibly overrated and Hayao Miyazaki is a talentless hack,,
"The whole Trigger warning is bullshit, we are adults and words don't hurt us.",,
WE LIVE IN A HOLOGRAPHIC UNIVERSE,,
Fictional minor hentai is a kind of necessary evil.,,
people who only shower in the morning are gross,,
There’s nothing wrong with recording a concert/show on your phone,,
Sustainable living is a luxury for the wealthy,,
People's relationship with chat GPT proves and explain why most people are more attracted to toxic people,,
There's zero reason for disabled males to crave women as caregivers.,,
Cubes have too many sides,,
Nobel Prizes should only be granted posthumously,,
Censoring nudity perpetuates rape culture,,
Quintin Tarantino is a pseudo-artistic pretentious man child,,
We need to be selfish sometimes to cope and survive.,,
When Boarding any kind of Transportation or Seating it should always be Back to Front,,
"A lot of confident, ""strong"" people are really privileged weak people, but who have lived and are living an easy life so appear strong",,
Ketchup/Tomato sauce sucks,,
It is completely fine to never talk to your neighbours/flatmates,,
Girl Scout Cookies Aren't That Good.,,
Forgiveness creates more evil in the world.,,
Hair highlights look bad.,,
You shouldn't eat animals that can eat you.,,
People started caring about Billionaires out of nowhere in 2025,,
It’s oddly satisfying when a mosquito bites you,,
Dr pepper actually tastes shit,,
Dr pepper tastes shit,,
It shouldnt be rude/illegal to ask for proof that an animal is a service animal.,,
People should watch who they complain to,,
Companion is a really great movie. I don't understand why some people hated it,,
"Most people help to feel helpful, not to actually be helpful.",,
It makes no sense for the USA to create Americans anymore,,
UTC is a stupid system,,
I absolutely love the song Someone You Loved by Lewis Capaldi,,
You have to be able to afford to save!,,
If you're old enough to remember 9/11 ya shouldn't be hitting on or dating someone that doesn't,,
(TW) people should not be stopped from committing suicide.,,
Jolly ranchers are horrible.,,
"I'm a sigma male, and I think I know where we all came from...",,
Firefighters should be on steroids,,
Steroids should be encouraged for all firefighters,,
"Instead of mandatory military service, mandatory service to invasive removal squads should be what happens",,
Beach vacations suck.,,
Beach vacations suck,,
The healthy at any size/fat acceptance movement is actively dangerous and making people die early who otherwise could have gotten in shape and lived for decades.,,
"Nobody should HAVE to get their drivers license, and it shouldn’t be the main way we identify people.",,
"Modern chivalry is following a set of rules to virtue signal that you’re a ‘gentleman’, but actually exhibits you only care about appearances",,
Prison rape jokes ain't funny.,,
Rubik cube solve times should include the inspection period.,,
The Kardashians aren’t that bad,,
I would rather put my trust in an uneducated person who worked under someone than an educated person who didn't and has school as their experience,,
"If humanity could ethically and painlessly reduce the global population by half, the planet and future generations would benefit",,
The beginning of the end of any relationship is when the first lie is told,,
AI is a perfectly fine thing and literally everything will blow over.,,
Force your pets to wear clothes is animal abuse,,
Force your pets wear clothes is animal abuse,,
I hate icing,,
Playing the bass guitar takes no real talent.,,
The news is forced into social media way too much,,
Septum Piercings are EXTREMELY unnattractive.,,
Propping up women at the detriment of men isn’t very smart,,
"Restaurant recently have started to serve spicy food, are just masked mediocre foo",,
People would be a lot more courteous and respectful to others if they were legally obligated to engage in a fist fight after insulting or disrespecting someone,,
Wes Anderson Movies Are Terrible,,
Being offended doesn’t automatically mean you’re right.,,
"Politics aside, Donald’s children don’t get talked about enough",,
Men should wear skirts,,
Benson Boone sucks,,
Salty cookies taste better than sugary. I often switch the recipe around. For example I will use 1/2 cup of salt and a table spoon of sugar for chocolate chip cookies,,
The Toadies album Rubberneck is the most underrated album of the 90s,,
AI-hatred correlates with misanthropy,,
Sub-Reddits got to many unnecessary rules.,,
It is okay to victim blame those who still date cunts like Andrew Tate and get abused.,,
Arcades stopped being arcades when they stopped doing physical tickets,,
Modifications to a vehicle's exhaust system to make the car make popping noises or other loud exhaust noises are a blatant form of insecurity on display,,
Any modifications to a car's exhaust system that makes it loud and obnoxious should be banned nationwide.,,
I really don't get the hate for Unholy by Sam Smith,,
People owning Teslas doesn’t inherently make them an awful person,,
Why are so much people comfortable with their wallet in their back pocket?,,
I think we should get rid of patent law.,,
People should wear comfortable clothes.,,
Why do people wear uncomfortable clothes?,,
A soprano voice is hard to listen to.,,
The Texas state flag sucks,,
I enjoy having a cold,,
Nintendo is unfathomably overrated,,
"Concrete reasons why I don't Like Apple, not just being whiny I think.",,
It feels satisfying when a mosquito bites you,,
"Garlic sauce (Toum / Garlic Aioli, etc.) is the greatest sauce.",,
Structure and stability are illusions chaos and challenge are where true growth happens,,
You shouldn't take it personally if you cook something another person doesn't like the taste of.,,
Structure and stability are overrated chaos and challenge are where true growth happens,,
I think people are more attracted to masculinity/femininity rather then gender (at least on a romantic scale),,
Cocaine is the lamest drug.,,
BBQ sauce and sriracha taste so bad,,
Why do people like BBQ sauce?,,
They used feminism to get women into the workforce so they could tax both parents and raise your kids themselves,,
Asian Parenting Isn’t “Toxic” or “Backwards”—It’s Just Misunderstood,,
I don’t believe the term “over rated” is used correctly half the time/doesn’t even exist,,
I don’t believe the term “overrated” is used correctly half the time/doesn’t truly even exist,,
People Already Can Read What They Wanr,,
“Overrated” doesn’t exist,,
I hate cancel culture and it’s just an excuse for internet bullies to mask harassment with moral superiority.,,
I hate cancel culture and it’s just an excuse for internet bullies to mask their harassment with moral superiority,,
Transgender healthcare providers should be legally required to disclose they are transgender to their patients,,
Benson Boone is the most overrated artist of all time,,
Life is becoming objectively not worth living,,
Honestly it’s pretty cool when a mosquito bites you,,
Reaction channels on YouTube do not deserve to be paid as much,,
I like when mosquitoes bite me,,
"Netflix should have an ""American "" or at the very least ""English only"" section.",,
"Hollywood tries too hard to make ""important"" movies",,
Bring Back Oral,,
Orange Is The New Black is the best diversity show and best Netflix original show,,
Pools are way better than the beach.,,
"People whose last request is ""no services or visitation"" after they die are selfish and their wishes should be ignored.",,
We need to bring landlines back,,
The phrase 'fight fire with fire' should be used in the preventative sense,,
Cats are not designed to live so long.,,
I prefer the smell of natural sweat over deodorant,,
i fcking hate wh1te people,,
i fcking hate white people,,
Being a celebrity doesn’t mean the public owns their personal life.,,
I don’t care what people wear to the gym.,,
"""Wednesday""- Netflix is overhyped.",,
Alpha male podcasts are so stupid,,
Physical thank-you cards/notes,,
"OLED, QD-OLED, and AMOLED panels aren’t as amazing as people make them out to be.",,
A small breast is better than a big breast,,
"OLED, QDOLED, AMOLED and any other variants of OLED are super overrated.",,
Having kids can be an act of hope and shouldn’t be looked down upon.,,
Having kids is a radical act of hope in a world that is increasingly pessimistic.,,
Sourdough bread is trash.,,
Dumb 90s comedies still slap,,
Bomb Voyage is one of the coolest characters Disney has ever made,,
I think the true most unpopular opinion is that in the end nothing matters.,,
Going out in your 30s doesn’t make you a loser.,,
Stranger Things is not good as a science fiction/cosmic thriller show,,
Gamers have never owned their games,,
Talking to ChatGPT Feels Like Calling Customer Service,,
I firmly believe that the quality of a game should determine how much it will cost,,
"Why do classic actresses like Jennifer Connelly, Sharon Stone, and Monica Bellucci feel sensual yet respectable while modern stars feel oversexualized and unrelatable?",,
cookies are the lowest tier of desserts,,
"I believe diversity politics, are destroying the USA",,
Imos Pizza isn't all that great.,,
Being passed by a car on a bicycle should be mandatory for every new driver.,,
Ben Starr (voice actor) is above average at best,,
I have no sympathy for drunk people and what could happen,,
"The use of ""y'all"" is cringe and disingenuous",,
Henry Ford was a generous and caring boss that wanted good things for other people than himself (please read why below),,
I prefer the smell of natural sweat  over deodorant,,
Passing a cyclist should be mandatory for your driver's exam,,
Going to a restaurant is better than ordering food,,
Even if we try and try to be better we need to accept institutional racism is an absolute for a lot of people.,,
Media with a Medieval setting needs a fantasy element,,
People who use rice cookers are lazy and don’t know how to cook,,
Driving in the rain is the best,,
'Conspiracy Theories' should not be automatically stigmatized and discounted,,
I love driving in the rain,,
There’s no such thing as a ‘good’ teenage parent,,
"In all honesty, I'd rather die young having accomplished a lot, or at least had a lot of fun, than live to 110 doing absolutely NOTHING with my life.",,
Green eyes do not exist in humans,,
Feet are just attractive as any other body part,,
"Most, if not all modern protest fucking stupid!",,
"Gangnam Style deserves a comeback, and we should treat it like the global anthem it once was.",,
Owning a dog should require a license with a high annual renewal fee.,,
Masculinists are kind of... closetted?,,
If you have poor mobility you shouldn’t go on group tours/vacations,,
Gender reveals are the tackiest shit ever,,
Learning a new language is the easiest thing in the world,,
Newspaper Corrections Should Match the Prominence of the Original Story,,
I love red delicious apples,,
Summer is the worst time to travel.,,
Religion is cancer,,
I think using ChatGPT as emotional support is valid and people judging it are just mad their therapist doesn’t answer at 2am.,,
Worshipping people based on outer beauty is toxic and unattractive women have it harder than men,,
Celebrities should be rude to people.,,
"As a woman, I don't like pockets on my clothes.",,
Requesting a certain engagement ring is rude,,
"As a woman, I need or like pockets on everything.",,
Only poor people vape,,
"Frozen ""cardboard"" pizzas are really damn good compared to the majority of chain pizza places.",,
It’s a shame the stigma that has developed around adults and children interaction.,,
Mission Impossible Movies,,
Daredevil (2003) is a GREAT Movie.,,
The US should confront its atrocities with honesty,,
I hate spring and summer.,,
Brioche is just a low effort cake and has no place on a burger.,,
The Amazon smile looks like a bent penis.,,
You shouldn’t be ashamed for being on welfare.,,
Language has power,,
Ren Raires are Anti-Fun,,
"The hate on Kanyes new song is fully justified, but....",,
"Sasquatch/Bigfoot likely exists, and there has been enough evidence collected that the ridicule is no longer justified.",,
Ren Faires are the Worst,,
"If most people say a movie is bad, I’ll trust them. I don’t need to form my own opinion.",,
University philosopher have established a totalitarian system of not allowing any other opinions that aren't justified by an existing real philosophers in time.,,
Jeans pretty much sucks,,
Men should pee sitting down,,
Reparations are only for people that lived trough it,,
I think toddlers should be banned from museums and art galleries,,
Comic book movies don't have to follow comic book canon.,,
Toddlers should be banned from museums and art galleries,,
"If your emotions are valid and your actions wrong, then using your emotions to justify your actions makes you a bad person.",,
"European countries forgetting the history of the Middle East, what happened/happens to minorities there, also what happens to liberals there and allowing illegal mass immigration into europe has to be one of their biggest failures.",,
"European countries forgetting the history of the Middle East, what happened/happens to minorities there, especially Christians, also what happens to liberals there and allowing illegal mass immigration into europe has to be one of their biggest failures.",,
Saying ''Men and women can't be friends'' is something exclusively for immature man-childs,,
I don't mind online forums shutting down,,
Your teacher never told you that you “wouldn’t amount to anything”,,
Abortion survival stories as a pro-life argument,,
I disregard most reddit comments I see from a “Top 1% Commenter”,,
"AI is unwanted, a bad thing and should be banned outright",,
Meat packaging,,
"Racism isn’t always bad, people should be called out on their BS",,
Companies claiming to sell 'AI' are actually selling ML applications. Calling it AI is misleading and contributes to public misunderstanding.,,
People who are easily triggered shouldn't be online,,
"""Never be sorry"" isn't a sign of strenght, is a sign of being a teen",,
Lego video-games are bad,,
"The ""you should/shouldn't judge historical figures by modern morals"" debate is dumb. How much of a moron does someone have to be to not be able to look at a historical figure from several bersbectives? Ignore the tybo.",,
"If the doctor says the kid will be born with a low IQ, abort them.",,
"Banks can f off with their ""regulations"". Which is somehow an unpopular opinion.",,
Dining out at fancy restaurants just to post it on social media is a waste of money.,,
Israel should be expelled from Eurovision,,
Zoomer slang is stupid,,
Banks came f off with with their requirements yet many support them 100%,,
10 minute work breaks are bullshit,,
Declining birth rates are a blessing.,,
"Podcasts Feel Productive, But Most Are Just Brain Fog in Disguise",,
i prefer extremely crusty low bitrate compressed music audio,,
i genuinely think international relationships with kids are selfish as fuck,,
Inclusion and diversity in movies have made them worse.,,
Unpopular opinion: not being invited to someone's wedding doesn't always mean you're not friends.,,
Cankles look better than normal ankles,,
Pineapple on pizza is delicious and the hate is completely overblown.,,
The Karen memes bother me.,,
Karen memes bother me,,
Cankles look better than normal ankles most of the time,,
The only opposite colours that don't look good together are green and red.,,
some small businesses are so unnecessary and useless,,
People shouldn’t be allowed to own dogs that aren’t puntable,,
McDonald’s chicken nuggets are disgusting.,,
Who cares if you drive a Tesla?,,
"Most ""Thanksgiving"" foods are not good.",,
I don’t blame people who take themselves out early.,,
The term “brushing teeth” was coined by Big Toothbrush to slow advancements in the teeth cleaning industry,,
"You should lick your plate after eating, especially if you really enjoyed the meal.",,
The souls games are dumb,,
Self-plagiarism is bullshit,,
A messy house shouldn’t be looked down on,,
Big Fish sucked,,
Basketball is a sport that will never be accepted globally,,
The perfect work day is 2 or 3pm till 10pm,,
"Cartoons today are awful - bring back the 80s, 90s, and early 2000s",,
"Ideally, stupid social media posts from your youth shouldn't affect your prospects as an adult, but you also shouldn't expect normal, non-chronically online people to be fully tapped into shitposting and other internet esotérica.",,
"Eurovision is so horribly bad music its the worst ive ever heard, every single one of them",,
No question mark in this title.,,
I don't find Chris Evans attractive.,,
Captain Ron is the greatest comedy film of all time.,,
Parallel parking is easier and more efficient than regular parking.,,
Partisan politics will lead directly to the destruction of the United States,,
Any home cooked steak is way better than any restaurant steak,,
Diddy is evil. But so is Cassie,,
I support circumcision,,
99% of mainstream music today is absolute nails on chalkboard,,
Eating dessert before a meal is more satisfying and not detrimental to the meal,,
Am I the only one who thinks the simpsons isn't funny?,,
The Sopranos isnt that good,,
Three word minimum?,,
Fuck vegans!,,
The states need to have equal power to the federal government,,
The father subplot in Charlie and the Chocolate Factory 2005 was a good change from the source material,,
People that make their car and/or motorcycles loud are very annoying people.,,
Thanos ruined how people view villians.,,
"Women wear push up bras, Men it’s time to wear push up balls!",,
The Dragon Ball series as a whole has a terrible soundtrack.,,
Dragon Ball as a series has a terrible soundtrack.,,
Dystopian media is just so preachy,,
"""It Was Part Of God's Plan"" is a rude phrase to say to someone grieving over a death.",,
Parents need to actually discipline/stand up to their little goblins,,
"“Whom”. If you don’t know how to use it properly, don’t use it at all.",,
"Whom. If you don’t know how to use it properly, don’t use it at all.",,
The older generation(s) isn’t always right,,
Networking is just a more socially acceptable form of cronyism or nepotism.,,
Networking is just a more socially acceptable form of nepotism or cronyism,,
Being broken up with by someone you are in love with is more painful than them dying,,
Residuals by Chris Brown does not deserve the praise it’s getting,,
Residuals by Chris Brown is the most overrated song of this year,,
Strangers are way too comfortable touching…,,
I would rather have random encounters than visible enemies scattered throughout the environment in RPG video games,,
"Italians getting mad about food is obnoxious, not quirky",,
"If you use Snapchat in your late 20s or older, you're weird as hell.",,
Perfect attendance awards should be scrapped,,
Its kind of wild that its socially acceptable to get a new born babies ears pierced but not a cat or a dog,,
Las series y películas buenas son aburridas,,
Photography isn’t an art,,
The Schwa (ə) should be a recognized letter of the alphabet,,
Imposing price caps on prescription drugs would result in hundreds of thousands more deaths than the deaths caused by the high cost of obtaining the drugs,,
"If you live in an apartment building, you should not make food delivery drivers come to your door",,
"Videogames, TV, Alcohol and Illicit Drugs Prove Life is Boring",,
Using area to measure floor space is stupid and we should use perimeter instead,,
Photography isn’t art,,
"In the Harry Potter movies, Lucious Malfoy is hot.",,
Don't claim you've listened to a book if you've only sight-read it,,
Romanticizing “grind culture” is just trauma with good PR,,
Beautiful women are always nicer to be around,,
"Titles that don't make use of a peoples' themes should be localized in every way, not just dubbing and titles",,
People who read subreddit rules are weirdos,,
Those who own a Tesla with the “ I bought this before Elon went crazy” are the insufferable elite,,
r/HermanCainAward is a toxic subreddit.,,
"The golden years of solo travel, and possibly all travel, are behind us",,
I think air-up is stupid and I don’t understand it,,
r/HermanCainAward is a toxic sub and should be banned.,,
Paragraphs. Punctuation.,,
"Mosh pits at crowded concerts are reckless and inconsiderate, not fun or ‘meditative",,
I hate when people say their biggest fear is losing someone,,
Mosh Pits are unsafe,,
Someone should ask the New Pope what he was doing when he first saw Boondock Saints back in the early 2000's,,
Sports are war cosplay for men,,
James Bond slapping female spies isn't really that bad.,,
Calling circumcision “Male Genital Mutilation is hyperbolic at best and dishonest at worst.,,
Being overweight should be a bigger concern to people's health than all the little stuff they worry about regarding their health,,
NBA fans found out the league is rigged but are addicts &amp; cant stop,,
A federally mandated ID card system is the most effective way to prevent undocumented migrants from entering the country,,
looking old is a privilege,,
Every dude secretly wants to bang a porn star. Especially if it is Kenzie Reeves. You would steal her panties too.,,
Owning pets is selfish and deprives animals of their freedom — we just normalize it because it benefits us.,,
Disowning your kids is a permanent decision,,
Goth girls aren't actually that attractive,,
"I don't get how someone can get ""locked"" into a brand's ecosystem",,
aging is a privilege,,
There should not be a single new movie made.,,
The trackball controller is the kryptonite of console popularity and console manufacturers are absolutely terrified of it.,,
Fighting against “unrealistic” or “conventionally attractive”body types in media is stupid.,,
"Happiness really isn't the goal or long term, and it's honestly a brief side effect",,
Meat is absolutely disgusting.,,
Little kids should NOT be naked in public,,
The Lord of the Rings trilogy is MUCH better then Harry Potter,,
Playing video games all day is more efficient for your well being than watching TV all day.,,
The 8647 post is a way bigger deal than people are acting like online,,
The Tale of Peter Rabbit is a terrible book.,,
You should tell a girl/guy when they look bad.,,
F*** all smokers.,,
"Litteraly no one would care about the war in palestine if it wasnt so ""trendy""",,
Cats are like big rats to me…,,
"Crimes/ harm against males is accepted and not a huge deal, womens lives are more valuable",,
The Bubble Bowl episode of SpongeBob doesn't have the best song in the series,,
Long term couples who don’t marry cringes me,,
Reposting art on Reddit isn't and will never be okay.,,
Im Gay but NOT a member of the LGBTQIA+ Community,,
Betting markets are a better measure of sentiment than probability,,
"Hubcaps are ugly, and dumb",,
"If you don’t like dogs, you probably need therapy",,
I do not like metal gear solid 5/the phantom pain or metal gear solid ground zeros,,
How useless is online hate or trying to prove something,,
"If you want to do a iq test, then reconsider your intellengence",,
Pina Colada Sobe is the best bottled drink ever made.,,
Abortion is murder.. so what?,,
Hate,,
"Age gap was never a problem, the problem is if one of them is a literal child.",,
I like my cereal soggy,,
Expedition 33 looks absolutely garbage,,
I don’t gas up whores because they are whores,,
"If your experience of a book was an audiobook, you can't say you've read it",,
"Only 11.5% in the US regularly sleep with socks on, but more people should not only sleep with them on, but with wet ones when it’s hot outside",,
Smile lines are attractive,,
$80 for the RIGHT game actually is a good deal,,
Most men watch women sport to stare at their bodies,,
"I don't really care if a company ""steals"" my data",,
Undeserving support for DEI media is largely the reason for rise in undeserving hate for DEI media,,
Fishy smell of a cats breath,,
Cold beverages are always better than hot ones,,
Countries should subsidize fluent speakers of dying languages,,
Sweat smells better than cheap deodorant,,
The dramatic Nirvana cover at the start of Black Widow completely took me out of the movie,,
"Animated movies set in the past referencing modern things is really jarring, kind of unfunny, and a bit lazy on writing",,
"If you drop or knock produce like an apple or tomato on the ground at the grocery store, you should legally HAVE to buy it.",,
"The name ""iPhone"" is so outdated.",,
"Getting old can be a terrible, painful experience and euthanasia should be normalised",,
People with thin or barely visible lips are untrustworty,,
raw food is fine,,
I feel like retail and fast food should not be jobs for teens..,,
The Waterboy was right: Gatorade isn't good for you,,
Women are more emotional than men,,
The tariffs are the corporate tax that Reddit has been screaming for for years.,,
Chris Noth looks like Mr. Bean,,
The trope of being someone’s „one forever“ is toxic,,
Trans people prove women are more emotional then men,,
Restaurants should be willing to serve me medium rare chicken strips,,
"the rise of misandry online is making misogyny run even more rampant, and even making women hate each other more",,
It's unfair to window shop in B&M stores and then buy the same item online,,
Forced Personal Conflicts in Sci-Fi Make Characters Feel Petty—Not Complex,,
"When driving, pedestrians are more frustrating that other motorists",,
On women posting semi nude photos/videos to social media F/NB-26 M-29,,
Family obligations are a cop-out,,
Cassie Ventura is no victim,,
"Peoples own decisions, habits, addictions and lack of motivation are the primary causes for their lack of success in life.",,
"Social media isn’t bad, you’re all just using it wrong!",,
"""Delete if not allowed"" posts should be deleted by default",,
When you truly love someone it never goes away,,
You have a duty to annoy loud or obnoxious drivers.,,
“I want to be on the right side of history” is a cowardly way to think.,,
Having racial preferences when looking for a partner is and always will be weird.,,
Dogs are disgusting…,,
Buying rubber ducks to put on your Jeep’s dash board is lame.,,
"If you only offer to help someone in the ways you want to and not the way they actually are asking for, you are not helping, only causing more problems.",,
Eggs are absolutely disgusting.,,
Leave your small kids at home,,
"You should brush yur teeth after eating breakfast, not before.",,
"If you're eating with someone and accidentally burp, you shouldn't apologize in any way.",,
Large noses are inherently more attractive than button/snub noses,,
I like light pollution.,,
"If you need actors to look a certain way, that’s a personal problem, not a casting one",,
"Violence in video games is okay, parents just need to be better.",,
Tiny bathrooms are the best!,,
Making such a big deal out of your kid graduating high school is absurd.,,
The month/day/year format actually makes sense,,
Cassie was also an active participant in a lifestyle that caused her harm.,,
"Until Tesla Can Field A NASCAR Team And Win A Race, No One Should Take Tesla As ACar Manufacturer.",,
"You’re not a vigilante, You’re addicted to justified cruelty.",,
Ragebait can be incredibly fun and calming,,
Beyonce does not look sexy one single bit in those new Levi ads.,,
"People didn't look better in the '90s, Hollywood just wasn’t inclusive",,
Not wanting to be alive doesn’t necessarily equate to suicidal,,
I like Burger King whoppers more than Five Guys,,
Phones should be banned at concerts,,
Recording on phones should be banned from concerts,,
People with differing political ideologies can LEARN from each other,,
Feel it by d4vd,,
Standing up at a concert when you have a seat is extremely rude,,
There shouldn’t be any trees in cities,,
I feel bad for every baby I see,,
"Celebrating kids “graduating” from preschool, kindergarten and elementary school is pointless.",,
The amount of people that own luxury vehicles is asinine.,,
Calorie deficits are insane.,,
"If we’re driving and i’m playing music, i am LISTENING and do not want to talk during it",,
Calorie Deficits,,
We shouldn’t be teaching anything that occurred or was invented after 1500,,
I think people who do child free weddings and invite family are trash humans,,
Pickles are nice everywhere but burgers,,
Fines for breaking regulatory laws should cripple a company,,
Mummies should NEVER be in museums.,,
More gyms should make a rule against recording,,
"If a song is over five minutes long, you should ask before you play it.",,
Muscular men are objectively gross,,
Religious people deserve nothing.,,
Taking pride in your heritage is cringe,,
Less young adults should attend college.,,
"Celebrating kids “graduating” from preschool, kindergarten and elementary school is dumb.",,
Society would be better off if young adults kids attended college,,
Medium rare steak is disgusting,,
Only fans is a joke,,
Lobster is disgusting and chocolate cookies or average burgers are better,,
Brushing your teeth at the airport is a form of virtue signaling,,
“Never go to bed angry” is pretty shit advice,,
Your opinion doesn't matter if you dont have a clear understanding of what you are approving/hating on,,
"Deafening oneself with favorite music remains a peacekeeping and acceptable method of coping with the stress of daily life, even past the age of 30",,
Having a song playing over your video doesn't make it better. It ruins it.,,
"I Know Hecklers Ruin Comedy Shows, But I Secretly Enjoy the Drama",,
David Attenborough has a terrible voice for narration,,
Tourists need to learn the local language.,,
Caring about things out of your control is cringe.,,
HH - Ye (Kanye West) is banging,,
You can reboil old fried rice.,,
"Progressives of the Internet make fun of MAGA for wanting to ""own the libs,"" but act like they aren't doing the same thing.",,
Chewy bacon is infinitely better than crispy bacon in almost every way!,,
"""I only hate people who hate me"" is a totally plausible course of action",,
"If you escape from prison, your sentence should be commuted",,
You shouldn't put on new socks in the morning,,
The only real post on Reddit are the ones that get removed because they don’t follow the “rules” of that subreddit. Everything else is GPT slop,,
Jeans pretty much suck,,
There's NOTHING wrong with AI pictures!!!!!,,
Everything about our species is evil by our own standards,,
Semi trucks and bigger vehicles should just drive at night,,
Passive aggressive politeness is incredibly nasty,,
Only christians should be allowed to work in other christian majority countries.,,
The Media Treatment of Michael Jackson Was To Be Expected,,
Archiving posts is stupid and conversations should be open for longer than 6 months.,,
Religions Excluding LGBT people isn't hateful,,
Doxing An Arrogant Possible Extremist Is Okay Especially if It's Self Harm,,
"X-phobia isn't evil, it's emotional - and that's the problem.",,
Self Harm Doxing for Assholes,,
"The first time doing anything isn't ""the best""",,
Bunnies are not a kid friendly pet,,
"The ""correct"" way to peel a banana is wrong.",,
Underwear for males is superfluous,,
Writing Someone Off Sometimes Means Making Sure You Leave A Lasting Impression,,
Revenge of the Sith became an original trilogy movie the moment Palpatine reorganises the Republic into the Empire.,,
Reporting Someone for Self-Harm bc They offended you is fine,,
most of us don’t really want peace. we just want control.,,
unpopular opinion: we don’t actually want peace. we just want control.,,
It’s also uncool and distasteful when 60+ y old men hit on a 28 or even 30 year old woman.,,
School should pay us.,,
Unpopular opinion: It’s also uncool and distasteful when 60+ year old men hit on 28 or even 30 year old women.,,
"The dentist isn’t the scary, spine tingling experience people make it out to be",,
"People who only take one or two bites out of chicken wings and they're ""finished"" shouldn't be allowed to eat chicken wings.",,
Eating animal products precludes you from a LOT of judgement of others,,
Sex is overrated,,
The Premonition in Final Destination is the real Villain,,
Animal cruelty is acceptable,,
If Americans think it's okay to name a drink Irish Car Bomb,,
I hate big tech,,
I fucking hate big tech and internet addiction.,,
Milton Keynes is fine.,,
Are people going to protests to avoid their own responsibilities?,,
Applesauce is a beverage,,
Today’s Men And Women,,
There's nothing wrong with a pineapple on pizza,,
Empty bottles and boxes of alcohol when displayed as home décor are extremely tacky,,
People who show open disgust towards pineapple on pizza are obnoxious assholes and shouldn't be allowed to expressed any opinion on food ever,,
I don’t care about people dying on Mount Everest.,,
Reddit needs a filter for “my pet crossed the rainbow bridge” posts,,
The Toronto Maple Leafs were paid to take the series to game 7,,
Lipstick makes people look weird and off putting,,
Not all men,,
"Pickles on burgers, and in general, are overhated asf",,
The difficulties of society as a whole are what we have to heal within our selves first.,,
"If you have a mortgage, you're just a renter.",,
Wendy’s is the best fast food burger place,,
Current reality.,,
If you never served and you are a gun nut you are a loser.,,
You should keep your toxic job after a certain point,,
Being a working parent is WAY harder than being a stay at home parent,,
Restraunt workers that mess up a order should be fired,,
Dogs are overrated,,
Alimony is legal extortion,,
A lot of men won't date transgender women because they don't know how they're supposed to have sec with one,,
Drinking is a good pastime,,
"""Write what you know"" is terrible advice.",,
Andor is bad.,,
DID does not exist,,
[ Removed by Reddit ],,
Ketchup,,
Adults sleeping with a stuffed animal shouldn’t be “taboo” or “weird”.,,
"If you claim to care about unity but write off entire groups of people as hopeless, you're part of the division",,
"If you hate all MAGA supporters, you’re part of the division you claim to oppose",,
British food isn't bad,,
The food pyramid is a load of crap.,,
Reddit and facebook are deliberately poisoning social media and online human interaction.,,
Getting upset over your partner having a celebrity crush is silly,,
Pictures of men holding a fish are attractive!,,
Unpopular opinion: Modern civilization already collapsed. You’re just distracted enough to think it hasn’t.,,
American food is good.,,
"D&D 5e isn't inclusive. Theater kids preform that it is, but kicked out anyone who didn't fall in line.",,
Water is the best-tasting beverage,,
Dipping pizza in ketchup should be normal,,
"Since British actors have played Superman and Batman, the next James Bond and Doctor Who should be played by Americans",,
Powdered donuts (and powder sugar based foods) suck.,,
I think that over reliance on “science” makes you just as unintelligent as those who don’t believe in any science.,,
"Celts fan, born and raised, so happy for the Knicks and their fans!",,
If you mock non-white English accents - you are a racist!,,
I’ve realized I’m not smart enough to the understand the Korea Crisis,,
"People who foster children should be exempt from income tax, or heavily subsidised",,
NHL - Power plays shouldn't end after a goal.,,
Dipping pizza in ketchup should be normalized,,
I love moaning,,
The Person Who Eats/Drinks the Second to Last Item Should Throw the Box Away,,
Film is the worst art form (but it doesn't have to be),,
"Blood relatives should be able to get married, but should not be allowed to procreate",,
People who get upset over AI images and parrot the phrase “AI slop” are unoriginal and out of touch,,
The broccoli haircut actually looks good on a lot of men,,
Ketchup is disgusting,,
Plane seating,,
The Doom games are meant to play on easy,,
"People should not be allowed to drive black, white, or maroon fleet cars on public roads. It's misleading and potentially dangerous. (US)",,
UNPOPULAR OPINION: I've stopped wiping my butt and I'm now UNSTOPPABLE - Alpha males only understand,,
Pepperoni is the only acceptable choice for single topping pizzas.,,
You shouldn't stand still on escalators.,,
Creamy food is uncomfortable to eat,,
Creamy food is overrated,,
Pregnancy changes you for better or for worse.,,
If a customer can review a business online...,,
86 Definitely Means Kill Too,,
"Customer service representatives at the vast majority of stores do not respect you, they fear you.",,
I love America’s Tipping Culture—and I Hope It Keeps Expanding,,
Walking Should Be The Default Moving Animation For Video Games.,,
Subs should consistently enforce their rules or just get rid of them altogether,,
Civil War Black Panther suit is better than the Kinetic BP suit,,
I'd be willing to give up birthright civilianship for universal healthcare,,
Doodles are ugly,,
The 'Xbox Live' era of game voice chats was not better (people are just nostalgia blind).,,
Martial Arts is an absolute joke nowadays,,
The word f***** is wasted as an insult to gay people. It should become the legal term for someone who abuses or supports abusers of women.,,
Seats in economy class on commercial airplanes should not even have the capability to lean back.,,
McKenna Grace is one of the best actresses of all time.,,
Every post in this sub makes perfect sense and is well thought out.,,
We should add college degree requirements to even more jobs,,
Teslas always look good,,
It's very difficult to post something here,,
You can love two people at once,,
Farms can and should pay their workers at least minimum wage,,
Dogs should be outdoor pets,,
Old people should have restricted shopping hours,,
The Witcher Saga would be better without Ciri,,
This sub is garbage.,,
"LEGO is a now such a crap toy, and betrayed me in 1978.",,
Boxer briefs are not comfortable no matter what the brand.,,
Diesel engines are generally better than gas engines,,
I kinda want the demon horror trope to change to divine/angel Horror,,
"The wife stays, the mistress stays, and peace... somehow stays too.",,
the dyson air wrap sucks,,
James Gunn's Superman trailer was better than all the Snyderverse movies,,
Fromsoftware games is the definition of 1 trick pony and they should be an example of how NOT to make a game,,
Having friends and family members by your side is not necessary at all,,
BlueSky is just as awful as X.,,
"Andor is fine, but completely overhyped.",,
Reddit needs a political affinity checkbox or complete shutoff,,
Doxxing is not bad all the time.,,
Most “paranormal experiences” are just people misinterpreting totally normal stuff,,
People reach peak attractiveness in their 30s,,
Oreo ice cream is bad,,
"I find ""average"" life to be pretty aspirational actually",,
We are too gentle to people who cheat in relationships.,,
Stop shoving your phone in people's faces to show unfunny memes,,
"If you are not physically and mentally ready to own a large breed dog, you should not be allowed to own one",,
I would park under a bridge during a hailstorm and do not care how it impacts traffic,,
Jim Parsons is personally liable for the downfall of the US,,
Some people’s’ mental health struggles are objectively worse and deserve to be treated that way,,
"People who talk during movies, leave their trash behind, or use their phones during the film are awful human beings",,
Blue cheese stuffed olives in a martini is disgusting..,,
"If one is about to become homeless, move to a south east asian country and continue living a good life with low expense",,
"Sex isn't love, and love isn't sex",,
Sushi without soy sauce,,
"As a gay man, I don't think it would be so terrible to just be celibate if homosexual acts were illegal",,
"""Positive thinking"" people are just blissfully ignorant",,
Boogers are not Vegan,,
I encourage women in math-heavy engineering fields to date/marry men about a decade older than them,,
People who downvote “just because” are IN MY OPINION weird,,
"If someone settles for you, you should be honored, not offended",,
Videogames used to be better with worse graphics. Peaking at PS2 .,,
The Hobbit movies are better than the Lord of the Rings,,
"If you're vocally Pro-Palestinian without being equally vocal on behalf of the Rhohingya, Tibetans, or Uyghurs, you're only trying to justify your anti-Semitism",,
I really don't like beards,,
Beards are disgusting,,
Individualism is a lie,,
Sorry but not washing your butt after pooping is just nasty,,
Women look much better with a shaved head,,
“All Summer Long” is a better song than “Sweet Home Alabama”,,
The ability to become outraged at the drop of a hat is not a virtue.,,
The idea of “wage slavery” is disrespectful to American history and descendants of actual slaves,,
Dealership lots take up valuable space,,
People who say the crust is the best part of a pizza are either delusional or just want attention,,
Sober people,,
"Spending years ""traveling the world"" when you're single is off-putting",,
If you go into a store/restaurant right when they are about to close you don’t deserve good service,,
Checking the last two zones bags is stupid and pointless and doesn’t benefit anyone.,,
I keep my alarm ringtone as a song I like so I can learn to hate it,,
"Gratitude culture can become toxic too.
Being thankful for scraps doesn’t mean you should tolerate dysfunction.",,
I like sleeping with wet socks in the summer,,
The worsening of the internet is a good thing.,,
Wanting to have children in the near future is a very selfish desire,,
Companies have become lazy when hiring new employees for entry level jobs.,,
Bad handwriting is a myth.,,
"Keeping the ingredients same, a small burger ALWAYS beats a bigger burger.",,
In the US the age to be tried as an adult should be lowered from 18 to 13.,,
"Being middle class is a choice in 2025 if you’re under 40, tech literate, and in a first world country.",,
Happiness is a subjective thing,,
If a book series is good enough you can start reading from later installments.Rather than just the first beginning.,,
It’s not that big of a deal if someone uses the baby name you chose.,,
Married men become slaves to the feminine projection,,
"It’s completely developmentally appropriate for students to ask “when are we going to use this?”, and teachers should have a prepared answer.",,
“College is a scam” is cope.,,
I don’t think traffic is real,,
White people should be more creative when using the n-word,,
Return of the Jedi isn't canon,,
Kanye’s H.H. song is actually catchy,,
Flushing your toilet does not contaminate your toothbrush,,
"Oatmeal cookies should have raisins, not chocolate chips",,
White people should be more creative with their use of the n-word,,
"There is only love at first sight, there is no falling in love gradually.",,
Gold Rush Kid by George Ezra is the best album of this decade so far,,
Taking the school bus should be mandatory,,
Lamine Yamal is the greatest under-18 player of all time in sports history.,,
U find people you crush on much more attractive than how they actually look,,
I hate traveling.,,
Gifts of jewelry (especially un-unique jewelry) are shallow and don't mean very much,,
Pineapple does belong in certain pizzas.,,
10 divided by 3 is not 3.33 repeating.,,
"Word ""slave"" is more racist than then n-word",,
Lamine Yamal is the greatest non-adult athlete ever in sports history,,
"Cold, right out of the can Baked Beans is delicious",,
People who turn off their ‘last online status’ and ‘read receipts’ on WhatsApp and Instagram etc are untrustworthy.,,
Flinching should not be considered as a sign of weakness,,
I hate live music,,
Reddit easily has the worst humour of any social media,,
"College isn’t for everyone, and that’s totally fine",,
Mr.Musk must be the dumbest smart man alive.,,
"Healthcare profits should be redirected, not decreased",,
I don't think we're able to get another anime series like the Classics,,
"IMO,Sex work is not the world's oldest profession. Fighting is.",,
Cassie and Diddy are both pos’s,,
ghosting is good & cool actually,,
Adults shouldn’t watch teen/highschool dramas,,
hate it when people tell me im sorry you feel that way when im angry or upset,,
The Demoncrats and the Reptilicans are the enemy,,
Food delivery is highly overrated.,,
Parents have a favorite,,
I love watching lawn sprinklers when it is raining,,
Giveaways should be banned from reddit's front page.,,
Crusty Bread is the WORST,,
Giveaways should be banned from reddit's front page,,
Shallow Hal gets a bad rap,,
Political opinions should be allowed,,
Long live monogamy! ❤️,,
It’s really valuable to get in touch with your primal side.,,
Croissants aren’t that good. They’re just greasy air.,,
Getting excited for new products just means you’re buying problems you don’t need.,,
Custom AI movies (Comic/Text > Animation/Live Action) will eventually be more popular than traditionally produced movies.,,
Tik Tok is a better platform to use now than youtube,,
"Reddit is populated nearly entirely by bullies, and its a good reason to stop using the platform",,
Obesity should not be normalised,,
"Not stopping to use the restroom, get snacks, etc. on a road trip is absurd.",,
"""If you don't like it don't watch/play it"" is a useless way of thinking",,
"Car Culture is So Weird – It’s a Huge Financial Burden, Yet Sold as ""Freedom""",,
I'm glad mangadex and other pirated sites for manga/manhwa are being taken down,,
Christians who don't desperately try to convert you are bad people,,
Superhero movies need to show us the origin stories,,
Afrikaners are legitimate asylum seekers,,
15 minute shower is the minimum,,
"Just because you got a degree, doesn’t mean you deserve to be a manager in a job you’ve never even worked in on the front line.",,
AI is like the invention of press and job will be lost argument is the same argument,,
Unpopular opinion: The normalization of older men dating 18-year-old women is a societal failure disguised as freedom,,
The everyone is introverted movement is just like I'm so OCD.,,
It’s actually absurd for reviewers to excessively use comparisons to explain something,,
Unpopular opinion: The normalization of older men dating 18-year-old women is a societal failure disguised as freedom.,,
Vampires and Werewolves in The Elder Scrolls Universe are Totally Unnecessary.,,
Glitchy/Janky games can be fun as hell,,
"(Hip-Hop) Great lyricism skills are admirable, but making a great song is better overall.",,
Separate Art from the artist,,
Separate Art from the artist unpopular opinion,,
Just get married at a church,,
I made out with a guy who tasted like garlic bread and liked it,,
Not stopping to use the restroom on road-tips is insane.,,
Third-wave ska is good,,
"If you get mad when people address you by your name instead of whatever title you want them to address you as, you're the problem",,
The housing crisis is really an urbanization crisis.,,
"I made out with a guy and he tasted like garlic bread, i kinda liked it",,
"If you have the energy to go for a walk/jog/run in the morning, you should still be employed.",,
Partying away your college years on your parents dime is embarrassing,,
Higher resolution graphics on videogames does not necessarily make the game feel more realistic.,,
"If you don't like anything but the original trilogy, you are not a fan of star wars",,
Giving your child a basic name out of fear that they might get bullied is dumb,,
Skyscrapers are great both aesthetically and logistically and and should be built in a greater amount,,
People who hate animals are dangerous to be around,,
Drinking soft drinks with savory meals is kinda weird,,
Reddit downvotes are bullshit,,
Women who wear make up are insecure no matter how much they deny it,,
"Birthright Citizenship in the USA Is Not A Good Policy Anymore, And Doing Away With It Is Logical",,
Christianity is the only major religion suitable for modern society,,
"""-phobic"" is used WAY too often and entirely incorrectly",,
I think people just need to stop talking about it when Kanye West says / does stupid things,,
"Most of my friendships have left me emotionally exhausted, so I’ve chosen solitude",,
I’ve stopped trying to form female friendships because they leave me feeling emotionally drained,,
"Stop watching ""What did the ending of (show/book/movie) mean?"" videos.",,
I've stopped trying to form female friendships because they leave me feeling emotionally drained,,
Having sex while intoxicated isn’t real sex,,
Music is better on TikTok than Spotify,,
"Female friendships have felt more draining than supportive in my life, so I’ve stopped pursuing them",,
I’ve stopped trying to build female friendships because they feel emotionally exhausting and rarely genuine,,
I think female friendships are often overrated and feel kind of useless,,
Valeria Marquez death should not be this viral.,,
Valeria Marquez,,
You don't need to turn your hobby into a side hustle — just enjoy things without monetizing them.,,
All the protocol around using urinals is ridiculous.,,
pupets are gona make a comeback,,
"Ken (the boyfriend character) from Bee Movie wasn't being reasonable, and is NOT a victim.",,
I'm so tired of french/freedom fries as side to everything,,
This is my world!,,
It doesn't matter if you use rubbish coffee for drinks like Latte or Cappuccino as the milk masks bad coffee,,
Always right,,
It doesnt matter if you use rubbish coffee for drinks like Latte or Cappuccino as the milk masks bad coffee,,
People who respond with “this is fake “ need to get a life.,,
Octopuses are aquatic owls.,,
People who complain about their name being mispronounced by strangers are whiney and entitled.,,
Being constantly “available” for your friends doesn’t mean you’re a good one,,
You don’t have to love your job. It just needs to fund the stuff you do love.,,
Folks with Master's degrees should be called Master as a formal title,,
Kanye West's new song isn't particularly good musically. It's just a racist version of All of the Lights.,,
Fraud and identity verification procedures,,
Celebrities are way too polite to each other these days.,,
Being attracted to your step sibling makes biological sense,,
I don’t need to move over if I’m going faster than the slower lane,,
Cars that are louder than a certain db should be restricted from driving during the hours of 9pm and 7am.,,
Is it just me or are Reddit mods a bunch of bootlickers? Here to suppress and censor speech if it doesn’t fit their views?,,
"Henry Cavill is objectively beautiful, but his 'fairy-tale' perfection makes him feel unrealistic",,
Solo: A Star Wars Story is actually a fantastic movie,,
"I don't ""just trust doctors bro""",,
If you loan a book you shouldn't expect it to come back in great condition,,
More superhero shows should take the same approach as invincible or the boys,,
"Anxiety isn't bad, it's overplayed.",,
The only truly iron deficient people in the world are vampires (and they don’t exist),,
Everyone should compliment men more often.,,
Mark Zuckerberg looks hot in the blue jumpsuit and Benson Boone doesn’t.,,
Formatting your computer is not a solution to a problem.,,
"When someone asks for advice on Reddit, we don't have to start with : I am so sorry you are going through this and I empathize with your pain...",,
The porn addiction debate is overblown and lacks scientific backing,,
Women are just as violent as men,,
I hate so called powerlifting,,
Polls with more than 3 options are a flawed way of gauging the majority in many situations,,
Natural birth is the most unnatural thing,,
Natural childbirth is the most unnatural thing,,
There are very few people in this world that are emotionally mature.,,
Soggy cereal &gt; crunchy cereal,,
I love racism in video games,,
Stop forcing natives to adopt your culture.,,
Any woman planning to have children needs to know how to cook and run a household.,,
Reading aloud is a TERRIBLE way to learn,,
Am i the only one that didn’t really like invincible ?,,
"Personal creativity is rare, shunned and laughed at",,
Unfinished series are just as good as finished ones,,
"Since the full implementation of stats, sports like football (soccer) and basketball has become boring and are killing the game",,
Hercule Poirot > Sherlock Holmes,,
The college campus dining hall model of meal prep is admirable if only for its efficiency,,
Banks Suck and nobody should use them,,
Tim Robinson is so hot,,
If you can't handle a lead character dying in a TV show you shouldn't be watching television shows.,,
Targeted ads are better and should be the norm,,
leaving clothes scattered across the room is nasty and should not be as normal as it is,,
Ye NHH is such a good track,,
The U.S. Department of Defense should be renamed the Department of War,,
it's your duty to avoid spoilers on the internet,,
Mission impossible dead reckoning is the best instalment,,
Teslas should be worth exactly $0,,
Arguments like “but if a man said this” or “if a woman said that” or “if a white person said this” are so invalid,,
Connor McDavid is already better all-time than Sidney Crosby,,
Mayonnaise & Miracle Whip are vile,,
"I can't stand ""insta-apocalypse"" fiction",,
Crazy dog people are weird,,
NOT EVERYTHING IS FOR THE INTERNET,,
I hate summer,,
The Racial Dating Discourse is a Guilt-Laced Trap Disguised as Progress — and It’s Part of a Bigger Cultural Performance Game,,
I hate the Freestyle soda machines.,,
There is nothing wrong with age gap relationships providing...,,
Battle royal games is the downfall of games,,
Chipotle sauce tastes like asshole,,
YouTube monetising it’s service is not an a-hole design,,
Alan Silvestri should be included in the GOAT movie cinema composers conversation,,
It’s very disrespectful and inconsiderate pooping in public restrooms,,
People who don't like Doctor Who...,,
There can be significant upsides to experiencing abuse and trauma as a child,,
"I don't just ""trust doctors/healthcare providers bro""",,
Golf is not a sport.,,
Piercing your baby's ears is trashy and dumb.,,
Piercing your baby's ears is trashy and stupid.,,
I hate handjobs.,,
If you were gonna buy it anyways buy it,,
"Calls, from people you know at least, are more enjoyable than text.",,
Religion is outdated and I’m surprised society has accepted this insanity for so long.,,
Religion is outdated and I’m surprised it’s stuck along for this long.,,
"I think the phrase ""At least they died doing something they loved"" is absolutely ridiculous",,
Male masturbation should be treated equally to  menstrual cycle,,
All of you are going to hate me.....,,
Every comment section is politics and it sucks,,
Sex is actually disgusting,,
They believe that subjects such as religion and ethics should be part of the educational curriculum in schools.,,
Hard Rs deserve absolutely 0 empathy. Sorry not sorry and I hate that normal black people have to suffer because of the monkeys,,
Kids ick me out,,
Owning a pet is a moral crime,,
Nobody should get a free ride on child support for any reason,,
The people on the TheLastOfUs2 sub are truly despicable,,
Passing students along should heavily penalize a school's funding &amp; Reputation,,
"Paying for your tab at a restaurant or speaking like a human being and not an ignorant fucktard isn't ""acting white"" it's ""acting right""",,
Judge Judy is just awful,,
Doom music is too loud and too repetitive,,
There's nothing wrong with being attracted to friends.,,
Am I the only one who interpreted Carmilla (From the vampire novella of the same name) as a bisexual instead of lesbian?,,
ChatGPT (and the like) has encouraged millions of people to begin exercising their communication skills and therefore is a net positive for people.,,
I don't care when people lose their money from crypto scams.,,
Star Wars is like the WWE,,
“Wet” foods are disgusting,,
The vizipop hate is forced,,
Andor is a bad tv show,,
Andor sucks,,
Filling the milk first is more efficient.,,
Parents should state their infants age in years,,
Male periods DON'T exist,,
Lots of people care more about the idea of children than the actual kid,,
Coniferous forests like the Spring Mountains Pinyon-Juniper Woodland and the Rocky Mountains are way more beautiful than tropical islands like Hawaii or French Polynesia,,
I dont mind reddit having ads but we should be able to comment on them.,,
Aseriphale actor isn't Plus Sized - it's counterintuitive to body positivity that fans decided he was,,
people need to stop expecting exclusivity,,
Colleges should be ranked on Job Outcomes,,
As a bf it's not toxic to tell a girl to stop seeing a friend,,
It is okay to correct spelling mistakes in online posts.,,
The leagal system should keep the identity of the accused a secret until they are convicted.,,
"Male birth control already exists and is already practiced by 10.000+ men, but most people can't be bothered to actually do their research about it and dismiss it almost instantly.",,
"If you’re grilling with charcoal or wood chips, you might as well go inside and cook.",,
Austin Butler and Harris Dickinson are awful actors,,
Lingerie is over rated; sleep naked,,
"Contrary to what you think, cameras don't just create a surveillance state. They've also cut down on crime immensely",,
Age gaps in adult relationships are no big deal.,,
Redrawing Characters As Obese Is Kinda Annoying,,
Not fighting someone who has challenged you to a fight does not automatically make you “The bigger man”,,
"Anyway is not plural: stop saying ""anyways"".",,
Kelly Clarkson is underrated.,,
Kelly Clarkson should be considered a GOAT,,
Deep dish pizza is the best type of Pizza.,,
1980s pop culture is terrible and I’m sick of constant 80s nostalgia,,
Nathan Fielder sucks.,,
Social Media “likes” matter,,
Democrats Don't Have Principles as a Party,,
I love shopping at Target & Starbucks regardless of what some people think.,,
